file;tipo;titolo;autorita;identificativo;url;scaricato_il;sha256;byte
ISEE_DSU/2026-03-02_DM_3-2026_approvazione_modello_DSU_e_istruzioni.pdf;ufficiale;Decreto interdipartimentale n. 3 del 2 marzo 2026 - approvazione del modello tipo della Dichiarazione Sostitutiva Unica (DSU), dell'attestazione e delle relative istruzioni per la compilazione;Ministero del lavoro e delle politiche sociali di concerto con il Ministero dell'economia e delle finanze;D.M. 2 marzo 2026, n. 3;https://www.lavoro.gov.it/documenti-e-norme/normativa/decreto-n-3-del-02032026;2026-08-21;455c8bfdbbc47b4d36849ad2475f63cc4af53d2f001b40c6e9e6559da07d6e58;1533531
ISEE_DSU/DSU_istruzioni_per_la_compilazione.pdf;ufficiale;Dichiarazione Sostitutiva Unica (D.P.C.M. 159/2013) - Istruzioni per la compilazione;Ministero del lavoro e delle politiche sociali;Istruzioni alla compilazione della DSU, modello approvato con D.M. 2 marzo 2026, n. 3;https://www.lavoro.gov.it/strumenti-e-servizi/Modulistica/Documents/ISEE/Istruzioni-alla-compilazione.pdf;2026-08-21;c4a7ed3679f1509e15ff14cfed12329dce1200d8ee8ac99d4007ff28ce510a4a;977885
ISEE_DSU/DSU_modello_integrale.pdf;ufficiale;Modello di Dichiarazione Sostitutiva Unica - DSU integrale;Ministero del lavoro e delle politiche sociali;Modello DSU integrale in vigore;https://www.lavoro.gov.it/strumenti-e-servizi/Modulistica/Documents/ISEE/ISEE-DSU-Integrale.pdf;2026-08-21;c3414ec19b2cbfb22e8e8244366f2f22b12d6c9123b89779575b475600bc33f8;536003
ISEE_DSU/DSU_modello_mini.pdf;ufficiale;Modello di Dichiarazione Sostitutiva Unica - DSU mini;Ministero del lavoro e delle politiche sociali;Modello DSU mini in vigore;https://www.lavoro.gov.it/strumenti-e-servizi/Modulistica/Documents/ISEE/ISEE-DSU-Mini.pdf;2026-08-21;9a91eac602449884f8e9027f6bfe00b82b7edbbcfa7dbbe03753e38c37b00dc6;328362
Istruzioni_Dichiarazioni/2023_730_Istruzioni_per_la_compilazione.pdf;ufficiale;Modello 730 2023 — Istruzioni per la compilazione;Agenzia delle entrate;Modello 730 2023 (redditi 2022);https://www.agenziaentrate.gov.it/portale/documents/20143/5016530/730_2023_istruzioni_agg+13+07+2023.pdf/d2f658ff-0e47-aa32-391c-01ba02055b82;2026-08-21;3ff0b2081fa5236966b8bccbc6f6458df9225dd2bf091a4ba5ed4f232975ef9d;1447380
Istruzioni_Dichiarazioni/2023_RedditiPersonefisiche_Istruzioni_per_la_compilazione_fascicolo_1.pdf;ufficiale;Modello Redditi Persone fisiche 2023 — Istruzioni per la compilazione (fascicolo 1);Agenzia delle entrate;Modello Redditi Persone fisiche 2023 (redditi 2022);https://www.agenziaentrate.gov.it/portale/documents/20143/5436633/PF1_2023_Istruzioni_agg+13+07+2023.pdf/35994b8d-7860-85d3-c05b-3911e53f4797;2026-08-21;1259b41b45fcb7ef43a311259a1793a05b5e7373539cb403ef483e1663ffc90d;2812263
Istruzioni_Dichiarazioni/2023_RedditiPersonefisiche_Istruzioni_per_la_compilazione_fascicolo_2.pdf;ufficiale;Modello Redditi Persone fisiche 2023 — Istruzioni per la compilazione (fascicolo 2);Agenzia delle entrate;Modello Redditi Persone fisiche 2023 (redditi 2022);https://www.agenziaentrate.gov.it/portale/documents/20143/5084961/PF2_2023_Istruzioni_rett.pdf/f959ac12-a98d-3b0c-32af-2ec93e628569;2026-08-21;3a536a0772a6ee39bc862deab4bd916d0736ab51d5c6da11e47720b0414835f3;722305
Istruzioni_Dichiarazioni/2023_RedditiPersonefisiche_Istruzioni_per_la_compilazione_fascicolo_3.pdf;ufficiale;Modello Redditi Persone fisiche 2023 — Istruzioni per la compilazione (fascicolo 3);Agenzia delle entrate;Modello Redditi Persone fisiche 2023 (redditi 2022);https://www.agenziaentrate.gov.it/portale/documents/20143/5436633/PF3_2023_Istruzioni_agg+13+07+2023.pdf/5a83d622-081e-08b9-9137-d9795d729ab9;2026-08-21;3297e5f703be6ddb8ec067156a4c338512170cbf3a3a40385cd3c24c2f66d0e3;1357438
Istruzioni_Dichiarazioni/2024_730_Istruzioni_per_la_compilazione.pdf;ufficiale;Modello 730 2024 — Istruzioni per la compilazione;Agenzia delle entrate;Modello 730 2024 (redditi 2023);https://www.agenziaentrate.gov.it/portale/documents/20143/5879131/730_2024_istruzioni+23+04+2024.pdf/947d1fd3-fa29-623b-abd8-3a7704ee354c;2026-08-21;19b6e188317f5d4b5fd1983d0e56af5c470cf0ad9c1d130efe58df75301e14e6;2839823
Istruzioni_Dichiarazioni/2024_RedditiPersonefisiche_Istruzioni_per_la_compilazione_fascicolo_1.pdf;ufficiale;Modello Redditi Persone fisiche 2024 — Istruzioni per la compilazione (fascicolo 1);Agenzia delle entrate;Modello Redditi Persone fisiche 2024 (redditi 2023);https://www.agenziaentrate.gov.it/portale/documents/20143/5933817/PF1_2024_istruzioni_agg+11+06+2025.pdf/5b743604-d46c-d3f6-084e-d5bba2374894;2026-08-21;225cf3f07dc786e4d5d0f5d239c065b937f10a815245741dd3c85ebd3d809cbd;1915541
Istruzioni_Dichiarazioni/2024_RedditiPersonefisiche_Istruzioni_per_la_compilazione_fascicolo_2.pdf;ufficiale;Modello Redditi Persone fisiche 2024 — Istruzioni per la compilazione (fascicolo 2) - pdf;Agenzia delle entrate;Modello Redditi Persone fisiche 2024 (redditi 2023);https://www.agenziaentrate.gov.it/portale/documents/20143/5933817/PF2_Istruzioni_2024+agg+19+04+2024.pdf/e62f23d0-67db-0b19-5057-3397445ec7bd;2026-08-21;655eaaf3855236e7b1bfe336dd0f5ba9011240488df0907c8b9bf5f887f9aa72;965830
Istruzioni_Dichiarazioni/2024_RedditiPersonefisiche_Istruzioni_per_la_compilazione_fascicolo_3.pdf;ufficiale;Modello Redditi Persone fisiche 2024 — Istruzioni per la compilazione (fascicolo 3);Agenzia delle entrate;Modello Redditi Persone fisiche 2024 (redditi 2023);https://www.agenziaentrate.gov.it/portale/documents/20143/5950908/PF3_2024_istruzioni.pdf/b7e4a510-e470-3cbd-5f4c-9f720f62cf60;2026-08-21;58cdc52932178eab87d160b725daf5461458df1dd7585a8668576993dd2dafa1;2459390
Istruzioni_Dichiarazioni/2025_730_Istruzioni_per_la_compilazione.pdf;ufficiale;Modello 730 2025 — Istruzioni per la compilazione - pdf;Agenzia delle entrate;Modello 730 2025 (redditi 2024);https://www.agenziaentrate.gov.it/portale/documents/20143/8795732/730_2025_istruzioni+29+05+2025.pdf/f835675c-abc8-4c58-702c-98a70f2f3ad5;2026-08-21;ef1ec4ea4fb6de29a6b3709abbb41d85451ddd4f0a542e6d38063d22ab1e5d5e;2983669
Istruzioni_Dichiarazioni/2025_RedditiPersonefisiche_Istruzioni_per_la_compilazione_fascicolo_1.pdf;ufficiale;Modello Redditi Persone fisiche 2025 — Istruzioni per la compilazione (fascicolo 1) - pdf;Agenzia delle entrate;Modello Redditi Persone fisiche 2025 (redditi 2024);https://www.agenziaentrate.gov.it/portale/documents/20143/8836009/PF1_istruzioni_2025_agg+12+05+2025.pdf/b469c051-fb74-cabc-6265-7facf03b5f99;2026-08-21;0c630ce5c02c31a1366d2107d6c90756c9545e1f51739d6f6bab3466a4400b7c;3088920
Istruzioni_Dichiarazioni/2025_RedditiPersonefisiche_Istruzioni_per_la_compilazione_fascicolo_2.pdf;ufficiale;Modello Redditi Persone fisiche 2025 — Istruzioni per la compilazione (fascicolo 2) - pdf;Agenzia delle entrate;Modello Redditi Persone fisiche 2025 (redditi 2024);https://www.agenziaentrate.gov.it/portale/documents/20143/8410875/PF2_istruzioni_2025_agg+18+07+2025.pdf/deb42917-6493-4b23-cce1-1fed5a546041;2026-08-21;b29193383e904b898d7a7f4c3eff0744988fb4718538fa00893a02b2074f23b2;1083514
Istruzioni_Dichiarazioni/2025_RedditiPersonefisiche_Istruzioni_per_la_compilazione_fascicolo_3.pdf;ufficiale;Modello Redditi Persone fisiche 2025 — Istruzioni per la compilazione (fascicolo 3) - pdf;Agenzia delle entrate;Modello Redditi Persone fisiche 2025 (redditi 2024);https://www.agenziaentrate.gov.it/portale/documents/20143/8836009/PF3_istruzioni_2025_agg+12+05+2025.pdf/099fd4d6-beea-907f-2994-5f6321d8d295;2026-08-21;af9a4abc52638c96e6bd6cebdc035246ea2738c982268df27b5608e2248207ae;2560108
Istruzioni_Dichiarazioni/2026_730_Istruzioni_per_la_compilazione.pdf;ufficiale;Modello 730 2026 — Istruzioni per la compilazione;Agenzia delle entrate;Modello 730 2026 (redditi 2025);https://www.agenziaentrate.gov.it/portale/documents/20143/9764684/730_2026_istruzioni_+agg+28+05+2026.pdf/0965387c-8738-287a-9378-1d038b997833;2026-08-21;0f09c12914f1132f8114cf22e836915d4f9f8fabe99888923bdb1316ffcfe8e6;3552969
Istruzioni_Dichiarazioni/2026_RedditiPersonefisiche_Istruzioni_per_la_compilazione_fascicolo_1.pdf;ufficiale;Modello Redditi Persone fisiche 2026 — Istruzioni per la compilazione (fascicolo 1) - pdf;Agenzia delle entrate;Modello Redditi Persone fisiche 2026 (redditi 2025);https://www.agenziaentrate.gov.it/portale/documents/d/guest/pf1_istruzioni_2026_agg-28-05-2026;2026-08-21;a866284071b8cdab1e7237b9e704184d6b46648a1d28ccf3d7d344154178fe15;2955992
Istruzioni_Dichiarazioni/2026_RedditiPersonefisiche_Istruzioni_per_la_compilazione_fascicolo_2.pdf;ufficiale;Modello Redditi Persone fisiche 2026 — Istruzioni per la compilazione (fascicolo 2) - pdf;Agenzia delle entrate;Modello Redditi Persone fisiche 2026 (redditi 2025);https://www.agenziaentrate.gov.it/portale/documents/d/guest/pf2_istruzioni_2026_agg-13-05-2026;2026-08-21;9589b0bb07d3c59d92fda08945b63e4a222e2e50cdd26721dd2f434d309b63a3;1047950
Istruzioni_Dichiarazioni/2026_RedditiPersonefisiche_Istruzioni_per_la_compilazione_fascicolo_3.pdf;ufficiale;Modello Redditi Persone fisiche 2026 — Istruzioni per la compilazione (fascicolo 3) - pdf;Agenzia delle entrate;Modello Redditi Persone fisiche 2026 (redditi 2025);https://www.agenziaentrate.gov.it/portale/documents/d/guest/pf3_istruzioni_2026_agg-13-05-2026;2026-08-21;862d1a80f12e044ea0d682ebd596cc1e20befaa21cf63fa5476c577032215d23;2468208
Leggi/Consolidato/DL167-1990_art1_intermediari_evoluzione.md;derivato;D.L. 167/1990, art. 1 — trasferimenti attraverso intermediari, esteso ai prestatori di servizi in cripto-attivita';accostamento di testi ufficiali (Strumenti/consolida.py);NON UFFICIALE: nessun testo promulgato in questa forma;"Leggi/Originale/NormeRichiamate/DL_1990-06-28_167_2022-12-31_ante_bilancio2023.akn.xml; Leggi/Originale/NormeRichiamate/DL_1990-06-28_167_2023-01-01_post_bilancio2023.akn.xml; Leggi/Originale/NormeRichiamate/DL_1990-06-28_167_vigente.akn.xml";;7a473fe828688796b9f85af4c8a552ad077a239490eef766ca6d2d1595523932;9243
Leggi/Consolidato/DL167-1990_art2_evoluzione.md;derivato;D.L. 167/1990, art. 2 — trasferimenti attraverso soggetti non residenti, estesi alle cripto-attivita';accostamento di testi ufficiali (Strumenti/consolida.py);NON UFFICIALE: nessun testo promulgato in questa forma;"Leggi/Originale/NormeRichiamate/DL_1990-06-28_167_2022-12-31_ante_bilancio2023.akn.xml; Leggi/Originale/NormeRichiamate/DL_1990-06-28_167_2023-01-01_post_bilancio2023.akn.xml; Leggi/Originale/NormeRichiamate/DL_1990-06-28_167_vigente.akn.xml";;80e33b44db2f85ef1817851577fd31dc267a275edad3f1c1e1c709b84462df56;10168
Leggi/Consolidato/DL167-1990_art4_quadro_RW_evoluzione.md;derivato;D.L. 167/1990, art. 4 — l'obbligo di dichiarazione delle attivita' estere (Quadro RW) esteso alle cripto-attivita';accostamento di testi ufficiali (Strumenti/consolida.py);NON UFFICIALE: nessun testo promulgato in questa forma;"Leggi/Originale/NormeRichiamate/DL_1990-06-28_167_2022-12-31_ante_bilancio2023.akn.xml; Leggi/Originale/NormeRichiamate/DL_1990-06-28_167_2023-01-01_post_bilancio2023.akn.xml; Leggi/Originale/NormeRichiamate/DL_1990-06-28_167_vigente.akn.xml";;122f72b8bf6cc586c0ecafe8380c7610c4cb01a2786f7c3a0baf56c1986112ab;9049
Leggi/Consolidato/DL201-2011_art19_imposta_valore_cripto_evoluzione.md;derivato;D.L. 201/2011, art. 19 — l'imposta sul valore delle cripto-attivita' (2 per mille);accostamento di testi ufficiali (Strumenti/consolida.py);NON UFFICIALE: nessun testo promulgato in questa forma;"Leggi/Originale/NormeRichiamate/DL_2011-12-06_201_2022-12-31_ante_bilancio2023.akn.xml; Leggi/Originale/NormeRichiamate/DL_2011-12-06_201_2023-01-01_post_bilancio2023.akn.xml; Leggi/Originale/NormeRichiamate/DL_2011-12-06_201_vigente.akn.xml";;a6b5c970e511c7bc0b36ea02c65c0828193a2cbb07de02a1f7d6184c5babf06f;48830
Leggi/Consolidato/DL201-2011_art5_ISEE_criptovalute_evoluzione.md;derivato;D.L. 201/2011, art. 5 — l'ISEE e l'ingresso delle criptovalute nel patrimonio mobiliare;accostamento di testi ufficiali (Strumenti/consolida.py);NON UFFICIALE: nessun testo promulgato in questa forma;"Leggi/Originale/NormeRichiamate/DL_2011-12-06_201_2023-01-01_post_bilancio2023.akn.xml; Leggi/Originale/NormeRichiamate/DL_2011-12-06_201_2026-01-01_post_bilancio2026.akn.xml; Leggi/Originale/NormeRichiamate/DL_2011-12-06_201_vigente.akn.xml";;e75a4b468a4e836eef8dd07d6f5f4c37772db95fa626988378bef9d056410dc4;10822
Leggi/Consolidato/DLgs461-1997_art5_evoluzione.md;derivato;D.Lgs. 461/1997, art. 5 — regime della dichiarazione, esteso alle cripto-attivita';accostamento di testi ufficiali (Strumenti/consolida.py);NON UFFICIALE: nessun testo promulgato in questa forma;"Leggi/Originale/NormeRichiamate/DLGS_1997-11-21_461_2022-12-31_ante_bilancio2023.akn.xml; Leggi/Originale/NormeRichiamate/DLGS_1997-11-21_461_2023-01-01_post_bilancio2023.akn.xml; Leggi/Originale/NormeRichiamate/DLGS_1997-11-21_461_vigente.akn.xml";;0ef969d32cca5b0f06e8f5a7576167290477d9c7277b90bab240e10732ed4c1c;19982
Leggi/Consolidato/DLgs461-1997_art6_evoluzione.md;derivato;D.Lgs. 461/1997, art. 6 — regime del risparmio amministrato, esteso alle cripto-attivita';accostamento di testi ufficiali (Strumenti/consolida.py);NON UFFICIALE: nessun testo promulgato in questa forma;"Leggi/Originale/NormeRichiamate/DLGS_1997-11-21_461_2022-12-31_ante_bilancio2023.akn.xml; Leggi/Originale/NormeRichiamate/DLGS_1997-11-21_461_2023-01-01_post_bilancio2023.akn.xml; Leggi/Originale/NormeRichiamate/DLGS_1997-11-21_461_vigente.akn.xml";;dfeaac15cd51c7a3e5427d7ebe7738573043a6186a0c2d966f7dd92a548ae6bb;35854
Leggi/Consolidato/DLgs461-1997_art7_evoluzione.md;derivato;D.Lgs. 461/1997, art. 7 — regime del risparmio gestito, esteso alle cripto-attivita';accostamento di testi ufficiali (Strumenti/consolida.py);NON UFFICIALE: nessun testo promulgato in questa forma;"Leggi/Originale/NormeRichiamate/DLGS_1997-11-21_461_2022-12-31_ante_bilancio2023.akn.xml; Leggi/Originale/NormeRichiamate/DLGS_1997-11-21_461_2023-01-01_post_bilancio2023.akn.xml; Leggi/Originale/NormeRichiamate/DLGS_1997-11-21_461_vigente.akn.xml";;a0feca9da86eb9021bca96375805c53d8dc08142644d7ecaf362d23204a87b59;38636
Leggi/Consolidato/LB2025_art1_comma_24_aliquota_evoluzione.md;derivato;Legge di bilancio 2025, art. 1, comma 24 — l'aliquota del 33 per cento e la deroga per i token di moneta elettronica in euro;accostamento di testi ufficiali (Strumenti/consolida.py);NON UFFICIALE: nessun testo promulgato in questa forma;"Leggi/Originale/LeggiBilancio/L_2024-12-30_207_bilancio2025_originario.akn.xml; Leggi/Originale/LeggiBilancio/L_2024-12-30_207_bilancio2025_vigente.akn.xml";;fe4eb2418b8951b7d4fe9f1fea3342035855697f7a0afdb25d7317622f3f737d;4748
Leggi/Consolidato/TUIR_art110_comma_3-bis_evoluzione.md;derivato;TUIR, art. 110, comma 3-bis — valutazione delle cripto-attivita' nel reddito d'impresa;accostamento di testi ufficiali (Strumenti/consolida.py);NON UFFICIALE: nessun testo promulgato in questa forma;"Leggi/Originale/NormeRichiamate/DPR_1986-12-22_917_TUIR_2022-12-31_ante_bilancio2023.akn.xml; Leggi/Originale/NormeRichiamate/DPR_1986-12-22_917_TUIR_2023-01-01_post_bilancio2023.akn.xml; Leggi/Originale/NormeRichiamate/DPR_1986-12-22_917_TUIR_2023-03-01_corpo_aggiornato.akn.xml; Leggi/Originale/NormeRichiamate/DPR_1986-12-22_917_TUIR_2024-12-31_ante_bilancio2025.akn.xml; Leggi/Originale/NormeRichiamate/DPR_1986-12-22_917_TUIR_2025-01-01_post_bilancio2025.akn.xml; Leggi/Originale/NormeRichiamate/DPR_1986-12-22_917_TUIR_2026-01-01_post_bilancio2026.akn.xml; Leggi/Originale/NormeRichiamate/DPR_1986-12-22_917_TUIR_vigente.akn.xml";;da2894ca82c5722261ad06f0ff06700da6a390f5c9966125ee0d3bf55ea0d231;5458
Leggi/Consolidato/TUIR_art67_c1_lett_c-sexies_evoluzione.md;derivato;TUIR, art. 67, comma 1, lettera c-sexies) — la fattispecie imponibile delle cripto-attivita';accostamento di testi ufficiali (Strumenti/consolida.py);NON UFFICIALE: nessun testo promulgato in questa forma;"Leggi/Originale/NormeRichiamate/DPR_1986-12-22_917_TUIR_2022-12-31_ante_bilancio2023.akn.xml; Leggi/Originale/NormeRichiamate/DPR_1986-12-22_917_TUIR_2023-01-01_post_bilancio2023.akn.xml; Leggi/Originale/NormeRichiamate/DPR_1986-12-22_917_TUIR_2023-03-01_corpo_aggiornato.akn.xml; Leggi/Originale/NormeRichiamate/DPR_1986-12-22_917_TUIR_2024-12-31_ante_bilancio2025.akn.xml; Leggi/Originale/NormeRichiamate/DPR_1986-12-22_917_TUIR_2025-01-01_post_bilancio2025.akn.xml; Leggi/Originale/NormeRichiamate/DPR_1986-12-22_917_TUIR_2026-01-01_post_bilancio2026.akn.xml; Leggi/Originale/NormeRichiamate/DPR_1986-12-22_917_TUIR_vigente.akn.xml";;93e6c88f49dc5a4f3b535a6564274140043e53b67c99e7ce1d05ce1bfa2eed08;8002
Leggi/Consolidato/TUIR_art68_comma_9-bis_evoluzione.md;derivato;TUIR, art. 68, comma 9-bis — come si determinano plusvalenze e minusvalenze da cripto-attivita';accostamento di testi ufficiali (Strumenti/consolida.py);NON UFFICIALE: nessun testo promulgato in questa forma;"Leggi/Originale/NormeRichiamate/DPR_1986-12-22_917_TUIR_2022-12-31_ante_bilancio2023.akn.xml; Leggi/Originale/NormeRichiamate/DPR_1986-12-22_917_TUIR_2023-01-01_post_bilancio2023.akn.xml; Leggi/Originale/NormeRichiamate/DPR_1986-12-22_917_TUIR_2023-03-01_corpo_aggiornato.akn.xml; Leggi/Originale/NormeRichiamate/DPR_1986-12-22_917_TUIR_2024-12-31_ante_bilancio2025.akn.xml; Leggi/Originale/NormeRichiamate/DPR_1986-12-22_917_TUIR_2025-01-01_post_bilancio2025.akn.xml; Leggi/Originale/NormeRichiamate/DPR_1986-12-22_917_TUIR_2026-01-01_post_bilancio2026.akn.xml; Leggi/Originale/NormeRichiamate/DPR_1986-12-22_917_TUIR_vigente.akn.xml";;7c303ba3f24a3a9960967f577c6f946f50c22e3edf7db35f0da6d037b017103d;9639
Leggi/Estratti/LeggiBilancio/LB2023_L197-2022_commi_126-147_originario.md;derivato;Legge di bilancio 2023 (L. 29 dicembre 2022, n. 197) — art. 1, commi da 126 a 147 — testo originario;estratto da testo ufficiale (Strumenti/akn_estrai.py);riformattazione in Markdown, testo non alterato;Leggi/Originale/LeggiBilancio/L_2022-12-29_197_bilancio2023_originario.akn.xml;;ae2e9df4e8e7bd792f73ecc3b2255e64f7192112861045d4d4aaddd2a1fc5520;19974
Leggi/Estratti/LeggiBilancio/LB2023_L197-2022_commi_126-147_vigente.md;derivato;Legge di bilancio 2023 (L. 29 dicembre 2022, n. 197) — art. 1, commi da 126 a 147 — testo vigente;estratto da testo ufficiale (Strumenti/akn_estrai.py);riformattazione in Markdown, testo non alterato;Leggi/Originale/LeggiBilancio/L_2022-12-29_197_bilancio2023_vigente.akn.xml;;2275a4f91e6192d3ca8733e0965c54cc60aa21fa4a9e0a7a8e12d570504d3d4e;19924
Leggi/Estratti/LeggiBilancio/LB2024_L213-2023_comma_504.md;derivato;Legge di bilancio 2024 (L. 30 dicembre 2023, n. 213) — art. 1, comma 504;estratto da testo ufficiale (Strumenti/akn_estrai.py);riformattazione in Markdown, testo non alterato;Leggi/Originale/LeggiBilancio/L_2023-12-30_213_bilancio2024_originario.akn.xml;;42ebdc7ca094b0f1b1519fe71e5401bf4315b00798477f7792077fe6af27dfb5;2157
Leggi/Estratti/LeggiBilancio/LB2024_L213-2023_nessuna_disposizione_cripto.md;derivato;Legge di bilancio 2024 (L. 213/2023) — scheda: nessuna disposizione sulle cripto-attivita';scheda redazionale di questo archivio;NON UFFICIALE: esito di una ricerca sul testo ufficiale, non un documento normativo;"Leggi/Originale/LeggiBilancio/L_2023-12-30_213_bilancio2024_originario.akn.xml; Leggi/Originale/LeggiBilancio/L_2023-12-30_213_bilancio2024_vigente.akn.xml";;cd5f814152b1e54459a8cff4889fa5584792d4074ed9fa2dbc94a1285d350fa6;3323
Leggi/Estratti/LeggiBilancio/LB2025_L207-2024_commi_23-29_originario.md;derivato;Legge di bilancio 2025 (L. 30 dicembre 2024, n. 207) — art. 1, commi da 23 a 29 — testo originario;estratto da testo ufficiale (Strumenti/akn_estrai.py);riformattazione in Markdown, testo non alterato;Leggi/Originale/LeggiBilancio/L_2024-12-30_207_bilancio2025_originario.akn.xml;;b8438b2f47fd109a86885b4a19deba639e8b4c6dbf790facfe8767b5d0eb8e3a;3605
Leggi/Estratti/LeggiBilancio/LB2025_L207-2024_commi_23-29_vigente.md;derivato;Legge di bilancio 2025 (L. 30 dicembre 2024, n. 207) — art. 1, commi da 23 a 29 — testo vigente;estratto da testo ufficiale (Strumenti/akn_estrai.py);riformattazione in Markdown, testo non alterato;Leggi/Originale/LeggiBilancio/L_2024-12-30_207_bilancio2025_vigente.akn.xml;;fbbbf912f16acafc743beb607f869f63e3bb8cb59dd23e0cc6ad9f2916c32746;4509
Leggi/Estratti/LeggiBilancio/LB2026_L199-2025_commi_28_32-34_originario.md;derivato;Legge di bilancio 2026 (L. 30 dicembre 2025, n. 199) — art. 1, commi 28 e da 32 a 34 — testo originario;estratto da testo ufficiale (Strumenti/akn_estrai.py);riformattazione in Markdown, testo non alterato;Leggi/Originale/LeggiBilancio/L_2025-12-30_199_bilancio2026_originario.akn.xml;;4a5c36bc8718d0bb35b7c2bf84f476887ff7fe3d5b872e9d5b7e539fd511aa25;3746
Leggi/Estratti/LeggiBilancio/LB2026_L199-2025_commi_28_32-34_vigente.md;derivato;Legge di bilancio 2026 (L. 30 dicembre 2025, n. 199) — art. 1, commi 28 e da 32 a 34 — testo vigente;estratto da testo ufficiale (Strumenti/akn_estrai.py);riformattazione in Markdown, testo non alterato;Leggi/Originale/LeggiBilancio/L_2025-12-30_199_bilancio2026_vigente.akn.xml;;17f88ae572baddc4747199f5f08ec7c6d360680b1fc725deaf62f0beb0627ace;3441
Leggi/Estratti/NormeRichiamate/DL167-1990_artt_1_2_4_5_2022-12-31_ante_bilancio2023.md;derivato;D.L. 28 giugno 1990, n. 167 (conv. L. 227/1990) — artt. 1, 2, 4, 5 — 31 dicembre 2022, prima della legge di bilancio 2023;estratto da testo ufficiale (Strumenti/akn_estrai.py);riformattazione in Markdown, testo non alterato;Leggi/Originale/NormeRichiamate/DL_1990-06-28_167_2022-12-31_ante_bilancio2023.akn.xml;;4fcae5efd181765756e164480df58e4b7d287be5403c6f19f92ef6cc8df5b2dc;9613
Leggi/Estratti/NormeRichiamate/DL167-1990_artt_1_2_4_5_2023-01-01_post_bilancio2023.md;derivato;D.L. 28 giugno 1990, n. 167 (conv. L. 227/1990) — artt. 1, 2, 4, 5 — 1° gennaio 2023, dopo la legge di bilancio 2023;estratto da testo ufficiale (Strumenti/akn_estrai.py);riformattazione in Markdown, testo non alterato;Leggi/Originale/NormeRichiamate/DL_1990-06-28_167_2023-01-01_post_bilancio2023.akn.xml;;af696bf3463b27d5463a44d55cda3127b0e2732221724cbc36e5b19e146ef55a;9886
Leggi/Estratti/NormeRichiamate/DL167-1990_artt_1_2_4_5_vigente.md;derivato;D.L. 28 giugno 1990, n. 167 (conv. L. 227/1990) — artt. 1, 2, 4, 5 — testo vigente alla data dello scarico;estratto da testo ufficiale (Strumenti/akn_estrai.py);riformattazione in Markdown, testo non alterato;Leggi/Originale/NormeRichiamate/DL_1990-06-28_167_vigente.akn.xml;;dbed0489ceae55a3edb4817fccb5f88464724ec56e5163cfea238f4aa00f1c5f;8486
Leggi/Estratti/NormeRichiamate/DL201-2011_artt_5_19_2022-12-31_ante_bilancio2023.md;derivato;D.L. 6 dicembre 2011, n. 201 (conv. L. 214/2011) — artt. 5 e 19 — 31 dicembre 2022, prima della legge di bilancio 2023;estratto da testo ufficiale (Strumenti/akn_estrai.py);riformattazione in Markdown, testo non alterato;Leggi/Originale/NormeRichiamate/DL_2011-12-06_201_2022-12-31_ante_bilancio2023.akn.xml;;68b205968806ea818bc80e130573c3f432140f921d5092fce62b297f2ac1edd2;19970
Leggi/Estratti/NormeRichiamate/DL201-2011_artt_5_19_2023-01-01_post_bilancio2023.md;derivato;D.L. 6 dicembre 2011, n. 201 (conv. L. 214/2011) — artt. 5 e 19 — 1° gennaio 2023, dopo la legge di bilancio 2023;estratto da testo ufficiale (Strumenti/akn_estrai.py);riformattazione in Markdown, testo non alterato;Leggi/Originale/NormeRichiamate/DL_2011-12-06_201_2023-01-01_post_bilancio2023.akn.xml;;4b8fca53fa6fcb7ca2d0b4dfc99a9bce567d521ce96c1f84efaf401e8ea61533;20337
Leggi/Estratti/NormeRichiamate/DL201-2011_artt_5_19_2026-01-01_post_bilancio2026.md;derivato;D.L. 6 dicembre 2011, n. 201 (conv. L. 214/2011) — artt. 5 e 19 — 1° gennaio 2026, dopo la legge di bilancio 2026;estratto da testo ufficiale (Strumenti/akn_estrai.py);riformattazione in Markdown, testo non alterato;Leggi/Originale/NormeRichiamate/DL_2011-12-06_201_2026-01-01_post_bilancio2026.akn.xml;;458b2de85d82184cab11b3615f4c469eed2f6c7b01aa4e36e3951e8a3594f831;20807
Leggi/Estratti/NormeRichiamate/DL201-2011_artt_5_19_vigente.md;derivato;D.L. 6 dicembre 2011, n. 201 (conv. L. 214/2011) — artt. 5 e 19 — testo vigente alla data dello scarico;estratto da testo ufficiale (Strumenti/akn_estrai.py);riformattazione in Markdown, testo non alterato;Leggi/Originale/NormeRichiamate/DL_2011-12-06_201_vigente.akn.xml;;30fff9e1cc3156c6de5eb507852517535a5c0e6d5c2fc5316f6adddb0eb709e1;20775
Leggi/Estratti/NormeRichiamate/DLgs241-1997_capo_III_artt_17-21_2023-01-01_post_bilancio2023.md;derivato;D.Lgs. 9 luglio 1997, n. 241 — Capo III, artt. da 17 a 21 (versamento unitario e compensazione) — 1° gennaio 2023;estratto da testo ufficiale (Strumenti/akn_estrai.py);riformattazione in Markdown, testo non alterato;Leggi/Originale/NormeRichiamate/DLGS_1997-07-09_241_2023-01-01_post_bilancio2023.akn.xml;;861b5ff9d56b1d40158dc789c69cd73efdff9dac3079d7285299add599f9d5db;30897
Leggi/Estratti/NormeRichiamate/DLgs241-1997_capo_III_artt_17-21_2025-01-01_post_bilancio2025.md;derivato;D.Lgs. 9 luglio 1997, n. 241 — Capo III, artt. da 17 a 21 (versamento unitario e compensazione) — 1° gennaio 2025;estratto da testo ufficiale (Strumenti/akn_estrai.py);riformattazione in Markdown, testo non alterato;Leggi/Originale/NormeRichiamate/DLGS_1997-07-09_241_2025-01-01_post_bilancio2025.akn.xml;;c9f3bc1a842065a0eebf4ff394d4c26b8d7d603add5dfcfd959b420a33e3ac0d;33374
Leggi/Estratti/NormeRichiamate/DLgs241-1997_capo_III_artt_17-21_vigente.md;derivato;D.Lgs. 9 luglio 1997, n. 241 — Capo III, artt. da 17 a 21 (versamento unitario e compensazione) — testo vigente alla data dello scarico;estratto da testo ufficiale (Strumenti/akn_estrai.py);riformattazione in Markdown, testo non alterato;Leggi/Originale/NormeRichiamate/DLGS_1997-07-09_241_vigente.akn.xml;;32a9b09644ecda3680970007bc6b1a08d9ca1c0a9d3c6d5704dd0c339ca8896a;1226
Leggi/Estratti/NormeRichiamate/DLgs461-1997_artt_5_6_7_10_2022-12-31_ante_bilancio2023.md;derivato;D.Lgs. 21 novembre 1997, n. 461 — artt. 5, 6, 7, 10 — 31 dicembre 2022, prima della legge di bilancio 2023;estratto da testo ufficiale (Strumenti/akn_estrai.py);riformattazione in Markdown, testo non alterato;Leggi/Originale/NormeRichiamate/DLGS_1997-11-21_461_2022-12-31_ante_bilancio2023.akn.xml;;e1a8dd9b96c9dd20e90c9c93575b323de9f43a5fea677e1c3846d8b3d1e8e19c;36276
Leggi/Estratti/NormeRichiamate/DLgs461-1997_artt_5_6_7_10_2023-01-01_post_bilancio2023.md;derivato;D.Lgs. 21 novembre 1997, n. 461 — artt. 5, 6, 7, 10 — 1° gennaio 2023, dopo la legge di bilancio 2023;estratto da testo ufficiale (Strumenti/akn_estrai.py);riformattazione in Markdown, testo non alterato;Leggi/Originale/NormeRichiamate/DLGS_1997-11-21_461_2023-01-01_post_bilancio2023.akn.xml;;4cb53bbd9794e719d2841cd859cfc28ad0f8824d4866cbbf888d630cf1afd566;37884
Leggi/Estratti/NormeRichiamate/DLgs461-1997_artt_5_6_7_10_2025-01-01_post_bilancio2025.md;derivato;D.Lgs. 21 novembre 1997, n. 461 — artt. 5, 6, 7, 10 — 1° gennaio 2025;estratto da testo ufficiale (Strumenti/akn_estrai.py);riformattazione in Markdown, testo non alterato;Leggi/Originale/NormeRichiamate/DLGS_1997-11-21_461_2025-01-01_post_bilancio2025.akn.xml;;8c6b553693598f211947edcb5aae84a1f628c027b2f50338d968c3745ec0a8fe;37852
Leggi/Estratti/NormeRichiamate/DLgs461-1997_artt_5_6_7_10_vigente.md;derivato;D.Lgs. 21 novembre 1997, n. 461 — artt. 5, 6, 7, 10 — testo vigente alla data dello scarico;estratto da testo ufficiale (Strumenti/akn_estrai.py);riformattazione in Markdown, testo non alterato;Leggi/Originale/NormeRichiamate/DLGS_1997-11-21_461_vigente.akn.xml;;1fc9e101a0f8f2fc3dd2cb0d50588653c992a652504f75ac199453248eccc110;37852
Leggi/Estratti/NormeRichiamate/DPCM159-2013_ISEE_artt_4_5_2025-12-31_ante_bilancio2026.md;derivato;D.P.C.M. 5 dicembre 2013, n. 159 — artt. 4 e 5 (regolamento ISEE) — 31 dicembre 2025, prima della legge di bilancio 2026;estratto da testo ufficiale (Strumenti/akn_estrai.py);riformattazione in Markdown, testo non alterato;Leggi/Originale/NormeRichiamate/DPCM_2013-12-05_159_ISEE_2025-12-31_ante_bilancio2026.akn.xml;;eac73395c218cace98ed4080af63625d9b045d6b507ca3b22dad35cf8958dbc9;15831
Leggi/Estratti/NormeRichiamate/DPCM159-2013_ISEE_artt_4_5_vigente.md;derivato;D.P.C.M. 5 dicembre 2013, n. 159 — artt. 4 e 5 (regolamento ISEE) — testo vigente alla data dello scarico;estratto da testo ufficiale (Strumenti/akn_estrai.py);riformattazione in Markdown, testo non alterato;Leggi/Originale/NormeRichiamate/DPCM_2013-12-05_159_ISEE_vigente.akn.xml;;b6c9ee992b93c19b1015bd556ded9b4dc555ce3b1a841b78a5e02bfd1f0df07b;17039
Leggi/Estratti/NormeRichiamate/DPR642-1972_bollo_art_13_2022-12-31_ante_bilancio2023.md;derivato;D.P.R. 26 ottobre 1972, n. 642 — art. 13 — 31 dicembre 2022, prima della legge di bilancio 2023;estratto da testo ufficiale (Strumenti/akn_estrai.py);riformattazione in Markdown, testo non alterato;Leggi/Originale/NormeRichiamate/DPR_1972-10-26_642_bollo_2022-12-31_ante_bilancio2023.akn.xml;;abbca131161c73438d665e00fb31e153af659137f9eb1d0d7c4ca0a8e1a5cbf2;3682
Leggi/Estratti/NormeRichiamate/DPR642-1972_bollo_art_13_2023-01-01_post_bilancio2023.md;derivato;D.P.R. 26 ottobre 1972, n. 642 — art. 13 — 1° gennaio 2023, dopo la legge di bilancio 2023;estratto da testo ufficiale (Strumenti/akn_estrai.py);riformattazione in Markdown, testo non alterato;Leggi/Originale/NormeRichiamate/DPR_1972-10-26_642_bollo_2023-01-01_post_bilancio2023.akn.xml;;9d7a4cfdb068d093c637d2e72c87b81d8cb790a6a94c52f54a30b67632a293d2;3678
Leggi/Estratti/NormeRichiamate/DPR642-1972_bollo_art_13_vigente.md;derivato;D.P.R. 26 ottobre 1972, n. 642 — art. 13 — testo vigente alla data dello scarico;estratto da testo ufficiale (Strumenti/akn_estrai.py);riformattazione in Markdown, testo non alterato;Leggi/Originale/NormeRichiamate/DPR_1972-10-26_642_bollo_vigente.akn.xml;;acf3374c8e6c791414914b83012da8dd677cae2c1ee2c3a73aeda168e27bdf8a;3646
Leggi/Estratti/NormeRichiamate/TUIR_artt_9_67_68_110_2022-12-31_ante_bilancio2023.md;derivato;TUIR (D.P.R. 22 dicembre 1986, n. 917) — artt. 9, 67, 68, 110 — 31 dicembre 2022, prima della legge di bilancio 2023;estratto da testo ufficiale (Strumenti/akn_estrai.py);riformattazione in Markdown, testo non alterato;Leggi/Originale/NormeRichiamate/DPR_1986-12-22_917_TUIR_2022-12-31_ante_bilancio2023.akn.xml;;53c62a6f25336630aa72702c63b6ade86bd80fafaa04c3d70146063090346f7b;49958
Leggi/Estratti/NormeRichiamate/TUIR_artt_9_67_68_110_2023-01-01_post_bilancio2023.md;derivato;TUIR (D.P.R. 22 dicembre 1986, n. 917) — artt. 9, 67, 68, 110 — 1° gennaio 2023, entrata in vigore della legge di bilancio 2023;estratto da testo ufficiale (Strumenti/akn_estrai.py);riformattazione in Markdown, testo non alterato;Leggi/Originale/NormeRichiamate/DPR_1986-12-22_917_TUIR_2023-01-01_post_bilancio2023.akn.xml;;e6851203b1448f4ff0e924216a8683e3100a4a58c1b5b47b33f36c6db214cc96;54027
Leggi/Estratti/NormeRichiamate/TUIR_artt_9_67_68_110_2023-03-01_corpo_aggiornato.md;derivato;TUIR (D.P.R. 22 dicembre 1986, n. 917) — artt. 9, 67, 68, 110 — 1° marzo 2023, prima fotografia con l'articolo 67 gia' aggiornato;estratto da testo ufficiale (Strumenti/akn_estrai.py);riformattazione in Markdown, testo non alterato;Leggi/Originale/NormeRichiamate/DPR_1986-12-22_917_TUIR_2023-03-01_corpo_aggiornato.akn.xml;;522d9d3526694ad22c54968faed8d187445f5b3c2c002054376bba9c05f75683;54835
Leggi/Estratti/NormeRichiamate/TUIR_artt_9_67_68_110_2024-12-31_ante_bilancio2025.md;derivato;TUIR (D.P.R. 22 dicembre 1986, n. 917) — artt. 9, 67, 68, 110 — 31 dicembre 2024, prima della legge di bilancio 2025;estratto da testo ufficiale (Strumenti/akn_estrai.py);riformattazione in Markdown, testo non alterato;Leggi/Originale/NormeRichiamate/DPR_1986-12-22_917_TUIR_2024-12-31_ante_bilancio2025.akn.xml;;1da133a525f977a6e7c631a222a2ce4112dc12ce5b733957cd057d8409ca488e;58301
Leggi/Estratti/NormeRichiamate/TUIR_artt_9_67_68_110_2025-01-01_post_bilancio2025.md;derivato;TUIR (D.P.R. 22 dicembre 1986, n. 917) — artt. 9, 67, 68, 110 — 1° gennaio 2025, dopo la legge di bilancio 2025;estratto da testo ufficiale (Strumenti/akn_estrai.py);riformattazione in Markdown, testo non alterato;Leggi/Originale/NormeRichiamate/DPR_1986-12-22_917_TUIR_2025-01-01_post_bilancio2025.akn.xml;;f3097e044fe6a89668736ef5d2e47ad9a03bcb1d7ca5dddb08af16e5cef42f3a;58174
Leggi/Estratti/NormeRichiamate/TUIR_artt_9_67_68_110_2026-01-01_post_bilancio2026.md;derivato;TUIR (D.P.R. 22 dicembre 1986, n. 917) — artt. 9, 67, 68, 110 — 1° gennaio 2026, dopo la legge di bilancio 2026;estratto da testo ufficiale (Strumenti/akn_estrai.py);riformattazione in Markdown, testo non alterato;Leggi/Originale/NormeRichiamate/DPR_1986-12-22_917_TUIR_2026-01-01_post_bilancio2026.akn.xml;;783aec962a02043af542cedff249addd24758fd906be6636985105d41910187b;59183
Leggi/Estratti/NormeRichiamate/TUIR_artt_9_67_68_110_vigente.md;derivato;TUIR (D.P.R. 22 dicembre 1986, n. 917) — artt. 9, 67, 68, 110 — testo vigente alla data dello scarico;estratto da testo ufficiale (Strumenti/akn_estrai.py);riformattazione in Markdown, testo non alterato;Leggi/Originale/NormeRichiamate/DPR_1986-12-22_917_TUIR_vigente.akn.xml;;42829f96ffa45ea1303f869d49c6fc755e24b85d5fbb4795db918cc21a492d2b;60325
Leggi/Originale/LeggiBilancio/L_2022-12-29_197_bilancio2023_originario.akn.xml;ufficiale;Legge 29 dicembre 2022, n. 197 - Bilancio di previsione dello Stato per l'anno finanziario 2023 (legge di bilancio 2023) (originario, vigenza 20230101);Normattiva - Istituto Poligrafico e Zecca dello Stato;"urn:nir:stato:legge:2022-12-29;197 | G.U. 20221229 cod. 22G00211";https://www.normattiva.it/do/atto/caricaAKN?dataGU=20221229&codiceRedaz=22G00211&dataVigenza=20230101;2026-08-21;97da3c1ff9f0760e1df7007f581e5bffb5a9c95b5999f4ded18b70cecadf4377;1387349
Leggi/Originale/LeggiBilancio/L_2022-12-29_197_bilancio2023_vigente.akn.xml;ufficiale;Legge 29 dicembre 2022, n. 197 - Bilancio di previsione dello Stato per l'anno finanziario 2023 (legge di bilancio 2023) (vigente, vigenza 20260821);Normattiva - Istituto Poligrafico e Zecca dello Stato;"urn:nir:stato:legge:2022-12-29;197 | G.U. 20221229 cod. 22G00211";https://www.normattiva.it/do/atto/caricaAKN?dataGU=20221229&codiceRedaz=22G00211&dataVigenza=20260821;2026-08-21;3b3aba3b2bd79a80fcd5168a9c87e64458bb56877e6a5a4d9db17301cc27bf3e;1327187
Leggi/Originale/LeggiBilancio/L_2023-12-30_213_bilancio2024_originario.akn.xml;ufficiale;Legge 30 dicembre 2023, n. 213 - Bilancio di previsione dello Stato per l'anno finanziario 2024 (legge di bilancio 2024) (originario, vigenza 20240101);Normattiva - Istituto Poligrafico e Zecca dello Stato;"urn:nir:stato:legge:2023-12-30;213 | G.U. 20231230 cod. 23G00223";https://www.normattiva.it/do/atto/caricaAKN?dataGU=20231230&codiceRedaz=23G00223&dataVigenza=20240101;2026-08-21;fbc6874905b65111c5fbbe1ecc4dab5d2b185f0c09a7e1bf5e2c45edb0b1ee4a;1039097
Leggi/Originale/LeggiBilancio/L_2023-12-30_213_bilancio2024_vigente.akn.xml;ufficiale;Legge 30 dicembre 2023, n. 213 - Bilancio di previsione dello Stato per l'anno finanziario 2024 (legge di bilancio 2024) (vigente, vigenza 20260821);Normattiva - Istituto Poligrafico e Zecca dello Stato;"urn:nir:stato:legge:2023-12-30;213 | G.U. 20231230 cod. 23G00223";https://www.normattiva.it/do/atto/caricaAKN?dataGU=20231230&codiceRedaz=23G00223&dataVigenza=20260821;2026-08-21;9532f44d6c273a7586494908db35c5c439090a5f408f0e953ef2bdf4cd1b39e3;1012258
Leggi/Originale/LeggiBilancio/L_2024-12-30_207_bilancio2025_originario.akn.xml;ufficiale;Legge 30 dicembre 2024, n. 207 - Bilancio di previsione dello Stato per l'anno finanziario 2025 (legge di bilancio 2025) (originario, vigenza 20250101);Normattiva - Istituto Poligrafico e Zecca dello Stato;"urn:nir:stato:legge:2024-12-30;207 | G.U. 20241231 cod. 24G00229";https://www.normattiva.it/do/atto/caricaAKN?dataGU=20241231&codiceRedaz=24G00229&dataVigenza=20250101;2026-08-21;bc6037a80271f803e62856ef9cfdae2498a2f854f057fcc860e568fd48de5f2c;1420564
Leggi/Originale/LeggiBilancio/L_2024-12-30_207_bilancio2025_vigente.akn.xml;ufficiale;Legge 30 dicembre 2024, n. 207 - Bilancio di previsione dello Stato per l'anno finanziario 2025 (legge di bilancio 2025) (vigente, vigenza 20260821);Normattiva - Istituto Poligrafico e Zecca dello Stato;"urn:nir:stato:legge:2024-12-30;207 | G.U. 20241231 cod. 24G00229";https://www.normattiva.it/do/atto/caricaAKN?dataGU=20241231&codiceRedaz=24G00229&dataVigenza=20260821;2026-08-21;2872fa065aa914b8ec0891d2d0f45bdaa78cce2567f56fd2d3b0a3201a24a8b4;1318817
Leggi/Originale/LeggiBilancio/L_2025-12-30_199_bilancio2026_originario.akn.xml;ufficiale;Legge 30 dicembre 2025, n. 199 - Bilancio di previsione dello Stato per l'anno finanziario 2026 (legge di bilancio 2026) (originario, vigenza 20260101);Normattiva - Istituto Poligrafico e Zecca dello Stato;"urn:nir:stato:legge:2025-12-30;199 | G.U. 20251230 cod. 25G00212";https://www.normattiva.it/do/atto/caricaAKN?dataGU=20251230&codiceRedaz=25G00212&dataVigenza=20260101;2026-08-21;9cd47c7a1608350bd9f8de0acac705397e14032a8bcb414bb82b26ddb3ab33ea;1440362
Leggi/Originale/LeggiBilancio/L_2025-12-30_199_bilancio2026_vigente.akn.xml;ufficiale;Legge 30 dicembre 2025, n. 199 - Bilancio di previsione dello Stato per l'anno finanziario 2026 (legge di bilancio 2026) (vigente, vigenza 20260821);Normattiva - Istituto Poligrafico e Zecca dello Stato;"urn:nir:stato:legge:2025-12-30;199 | G.U. 20251230 cod. 25G00212";https://www.normattiva.it/do/atto/caricaAKN?dataGU=20251230&codiceRedaz=25G00212&dataVigenza=20260821;2026-08-21;6d9ad5861ff1c64b3ee0a0fa1d512ee5a1a3168f5c729dcf745b68626d0e51ba;1445772
Leggi/Originale/NormeRichiamate/DLGS_1997-07-09_241_2023-01-01_post_bilancio2023.akn.xml;ufficiale;D.Lgs. 9 luglio 1997, n. 241 - Capo III (versamento unitario, modello F24): modalita' di versamento richiamate dalle imposte sostitutive di rideterminazione. Capo abrogato dal D.Lgs. 24 marzo 2025, n. 33 (2023-01-01_post_bilancio2023, vigenza 20230101);Normattiva - Istituto Poligrafico e Zecca dello Stato;"urn:nir:stato:decreto.legislativo:1997-07-09;241 | G.U. 19970728 cod. 097G0277";https://www.normattiva.it/do/atto/caricaAKN?dataGU=19970728&codiceRedaz=097G0277&dataVigenza=20230101;2026-08-21;5c307446c6d0420b28d29d3dd2d53b9619907b488180aa491fa95b3a03adfb1c;328662
Leggi/Originale/NormeRichiamate/DLGS_1997-07-09_241_2025-01-01_post_bilancio2025.akn.xml;ufficiale;D.Lgs. 9 luglio 1997, n. 241 - Capo III (versamento unitario, modello F24): modalita' di versamento richiamate dalle imposte sostitutive di rideterminazione. Capo abrogato dal D.Lgs. 24 marzo 2025, n. 33 (2025-01-01_post_bilancio2025, vigenza 20250101);Normattiva - Istituto Poligrafico e Zecca dello Stato;"urn:nir:stato:decreto.legislativo:1997-07-09;241 | G.U. 19970728 cod. 097G0277";https://www.normattiva.it/do/atto/caricaAKN?dataGU=19970728&codiceRedaz=097G0277&dataVigenza=20250101;2026-08-21;ef540fbbb9c53c1e19ee1f59cfd7c47215412f95dc0047844014f3efc58fadec;339052
Leggi/Originale/NormeRichiamate/DLGS_1997-07-09_241_vigente.akn.xml;ufficiale;D.Lgs. 9 luglio 1997, n. 241 - Capo III (versamento unitario, modello F24): modalita' di versamento richiamate dalle imposte sostitutive di rideterminazione. Capo abrogato dal D.Lgs. 24 marzo 2025, n. 33 (vigente, vigenza 20260821);Normattiva - Istituto Poligrafico e Zecca dello Stato;"urn:nir:stato:decreto.legislativo:1997-07-09;241 | G.U. 19970728 cod. 097G0277";https://www.normattiva.it/do/atto/caricaAKN?dataGU=19970728&codiceRedaz=097G0277&dataVigenza=20260821;2026-08-21;e89c8dff010a03b21622395f2265bdf83f983bec42d846e05969453da5864b54;237174
Leggi/Originale/NormeRichiamate/DLGS_1997-11-21_461_2022-12-31_ante_bilancio2023.akn.xml;ufficiale;D.Lgs. 21 novembre 1997, n. 461 - Riordino della disciplina dei redditi di capitale e diversi: artt. 5, 6, 7, 10 (imposta sostitutiva) (2022-12-31_ante_bilancio2023, vigenza 20221231);Normattiva - Istituto Poligrafico e Zecca dello Stato;"urn:nir:stato:decreto.legislativo:1997-11-21;461 | G.U. 19980103 cod. 097G0497";https://www.normattiva.it/do/atto/caricaAKN?dataGU=19980103&codiceRedaz=097G0497&dataVigenza=20221231;2026-08-21;bc7794b8b39d9a5d7b1517436dc491dd326a442de3efcaacf2c07feeb6329385;393618
Leggi/Originale/NormeRichiamate/DLGS_1997-11-21_461_2023-01-01_post_bilancio2023.akn.xml;ufficiale;D.Lgs. 21 novembre 1997, n. 461 - Riordino della disciplina dei redditi di capitale e diversi: artt. 5, 6, 7, 10 (imposta sostitutiva) (2023-01-01_post_bilancio2023, vigenza 20230101);Normattiva - Istituto Poligrafico e Zecca dello Stato;"urn:nir:stato:decreto.legislativo:1997-11-21;461 | G.U. 19980103 cod. 097G0497";https://www.normattiva.it/do/atto/caricaAKN?dataGU=19980103&codiceRedaz=097G0497&dataVigenza=20230101;2026-08-21;2b638bbc5ea8f8b8975afbbd2f5f02920e93ed2e07c357553fa5cad2bc034762;398730
Leggi/Originale/NormeRichiamate/DLGS_1997-11-21_461_2025-01-01_post_bilancio2025.akn.xml;ufficiale;D.Lgs. 21 novembre 1997, n. 461 - Riordino della disciplina dei redditi di capitale e diversi: artt. 5, 6, 7, 10 (imposta sostitutiva) (2025-01-01_post_bilancio2025, vigenza 20250101);Normattiva - Istituto Poligrafico e Zecca dello Stato;"urn:nir:stato:decreto.legislativo:1997-11-21;461 | G.U. 19980103 cod. 097G0497";https://www.normattiva.it/do/atto/caricaAKN?dataGU=19980103&codiceRedaz=097G0497&dataVigenza=20250101;2026-08-21;2b638bbc5ea8f8b8975afbbd2f5f02920e93ed2e07c357553fa5cad2bc034762;398730
Leggi/Originale/NormeRichiamate/DLGS_1997-11-21_461_vigente.akn.xml;ufficiale;D.Lgs. 21 novembre 1997, n. 461 - Riordino della disciplina dei redditi di capitale e diversi: artt. 5, 6, 7, 10 (imposta sostitutiva) (vigente, vigenza 20260821);Normattiva - Istituto Poligrafico e Zecca dello Stato;"urn:nir:stato:decreto.legislativo:1997-11-21;461 | G.U. 19980103 cod. 097G0497";https://www.normattiva.it/do/atto/caricaAKN?dataGU=19980103&codiceRedaz=097G0497&dataVigenza=20260821;2026-08-21;2b638bbc5ea8f8b8975afbbd2f5f02920e93ed2e07c357553fa5cad2bc034762;398730
Leggi/Originale/NormeRichiamate/DLGS_1997-12-15_446_IRAP_vigente.akn.xml;ufficiale;D.Lgs. 15 dicembre 1997, n. 446 - IRAP, richiamato dal comma 132 della legge di bilancio 2023 (vigente, vigenza 20260821);Normattiva - Istituto Poligrafico e Zecca dello Stato;"urn:nir:stato:decreto.legislativo:1997-12-15;446 | G.U. 19971223 cod. 097G0478";https://www.normattiva.it/do/atto/caricaAKN?dataGU=19971223&codiceRedaz=097G0478&dataVigenza=20260821;2026-08-21;14c547787df4329286e2ea11e8b27cfb1129dd1d0f13a8ebe04f37bd87c6b555;520641
Leggi/Originale/NormeRichiamate/DLGS_2025-03-24_33_versamenti_vigente.akn.xml;ufficiale;D.Lgs. 24 marzo 2025, n. 33 - Testo unico dei versamenti e della riscossione: ha abrogato il Capo III del D.Lgs. 241/1997 richiamato dalle leggi di bilancio (vigente, vigenza 20260821);Normattiva - Istituto Poligrafico e Zecca dello Stato;"urn:nir:stato:decreto.legislativo:2025-03-24;33 | G.U. 20250326 cod. 25G00044";https://www.normattiva.it/do/atto/caricaAKN?dataGU=20250326&codiceRedaz=25G00044&dataVigenza=20260821;2026-08-21;0d4e0dce756739cb095b7cbecac4f2f47f355b64ada62c97cc613db66a26a210;1605427
Leggi/Originale/NormeRichiamate/DLGS_2025-12-10_194_DAC8_originario.akn.xml;ufficiale;D.Lgs. 10 dicembre 2025, n. 194 - Attuazione della direttiva (UE) 2023/2226 (DAC8): comunicazioni dei prestatori di servizi per le cripto-attivita' (originario, vigenza 20260106);Normattiva - Istituto Poligrafico e Zecca dello Stato;"urn:nir:stato:decreto.legislativo:2025-12-10;194 | G.U. 20251222 cod. 25G00201";https://www.normattiva.it/do/atto/caricaAKN?dataGU=20251222&codiceRedaz=25G00201&dataVigenza=20260106;2026-08-21;9ca53c5993fa4e1b2c5fb9ddd83417eea9ca899475d4048129c52574b0d85dea;246587
Leggi/Originale/NormeRichiamate/DLGS_2025-12-10_194_DAC8_vigente.akn.xml;ufficiale;D.Lgs. 10 dicembre 2025, n. 194 - Attuazione della direttiva (UE) 2023/2226 (DAC8): comunicazioni dei prestatori di servizi per le cripto-attivita' (vigente, vigenza 20260821);Normattiva - Istituto Poligrafico e Zecca dello Stato;"urn:nir:stato:decreto.legislativo:2025-12-10;194 | G.U. 20251222 cod. 25G00201";https://www.normattiva.it/do/atto/caricaAKN?dataGU=20251222&codiceRedaz=25G00201&dataVigenza=20260821;2026-08-21;9ca53c5993fa4e1b2c5fb9ddd83417eea9ca899475d4048129c52574b0d85dea;246587
Leggi/Originale/NormeRichiamate/DL_1990-06-28_167_2022-12-31_ante_bilancio2023.akn.xml;ufficiale;D.L. 28 giugno 1990, n. 167 (conv. L. 4 agosto 1990, n. 227) - Monitoraggio fiscale: artt. 1, 4, 5 (Quadro RW) (2022-12-31_ante_bilancio2023, vigenza 20221231);Normattiva - Istituto Poligrafico e Zecca dello Stato;"urn:nir:stato:decreto.legge:1990-06-28;167 | G.U. 19900630 cod. 090G0210";https://www.normattiva.it/do/atto/caricaAKN?dataGU=19900630&codiceRedaz=090G0210&dataVigenza=20221231;2026-08-21;189046e666d85b9ce850c83eb511765e1900dddaa781f0c597ad4cf35838f12d;112295
Leggi/Originale/NormeRichiamate/DL_1990-06-28_167_2023-01-01_post_bilancio2023.akn.xml;ufficiale;D.L. 28 giugno 1990, n. 167 (conv. L. 4 agosto 1990, n. 227) - Monitoraggio fiscale: artt. 1, 4, 5 (Quadro RW) (2023-01-01_post_bilancio2023, vigenza 20230101);Normattiva - Istituto Poligrafico e Zecca dello Stato;"urn:nir:stato:decreto.legge:1990-06-28;167 | G.U. 19900630 cod. 090G0210";https://www.normattiva.it/do/atto/caricaAKN?dataGU=19900630&codiceRedaz=090G0210&dataVigenza=20230101;2026-08-21;868c7fd74c941fe0da5e48c5a6a35f26faa8ec745d47332788caf688214fd322;111350
Leggi/Originale/NormeRichiamate/DL_1990-06-28_167_vigente.akn.xml;ufficiale;D.L. 28 giugno 1990, n. 167 (conv. L. 4 agosto 1990, n. 227) - Monitoraggio fiscale: artt. 1, 4, 5 (Quadro RW) (vigente, vigenza 20260821);Normattiva - Istituto Poligrafico e Zecca dello Stato;"urn:nir:stato:decreto.legge:1990-06-28;167 | G.U. 19900630 cod. 090G0210";https://www.normattiva.it/do/atto/caricaAKN?dataGU=19900630&codiceRedaz=090G0210&dataVigenza=20260821;2026-08-21;7c11af16da4f9eb46271a67e84e8f90a5921d3ca9f199fe316b721bdd7609851;105718
Leggi/Originale/NormeRichiamate/DL_2011-12-06_201_2022-12-31_ante_bilancio2023.akn.xml;ufficiale;D.L. 6 dicembre 2011, n. 201 (conv. L. 22 dicembre 2011, n. 214) - art. 19 comma 18 (imposta sul valore delle cripto-attivita') e art. 5 (ISEE) (2022-12-31_ante_bilancio2023, vigenza 20221231);Normattiva - Istituto Poligrafico e Zecca dello Stato;"urn:nir:stato:decreto.legge:2011-12-06;201 | G.U. 20111206 cod. 011G0247";https://www.normattiva.it/do/atto/caricaAKN?dataGU=20111206&codiceRedaz=011G0247&dataVigenza=20221231;2026-08-21;ca9ca48cc9cc4fb1533aa18200facebb231d85661244251b74c60a200f844522;915703
Leggi/Originale/NormeRichiamate/DL_2011-12-06_201_2023-01-01_post_bilancio2023.akn.xml;ufficiale;D.L. 6 dicembre 2011, n. 201 (conv. L. 22 dicembre 2011, n. 214) - art. 19 comma 18 (imposta sul valore delle cripto-attivita') e art. 5 (ISEE) (2023-01-01_post_bilancio2023, vigenza 20230101);Normattiva - Istituto Poligrafico e Zecca dello Stato;"urn:nir:stato:decreto.legge:2011-12-06;201 | G.U. 20111206 cod. 011G0247";https://www.normattiva.it/do/atto/caricaAKN?dataGU=20111206&codiceRedaz=011G0247&dataVigenza=20230101;2026-08-21;d2b9ace1c43309847ef080c46a01bbeb8634bce4b92c13aa477f70450fc11c0f;915992
Leggi/Originale/NormeRichiamate/DL_2011-12-06_201_2026-01-01_post_bilancio2026.akn.xml;ufficiale;D.L. 6 dicembre 2011, n. 201 (conv. L. 22 dicembre 2011, n. 214) - art. 19 comma 18 (imposta sul valore delle cripto-attivita') e art. 5 (ISEE) (2026-01-01_post_bilancio2026, vigenza 20260101);Normattiva - Istituto Poligrafico e Zecca dello Stato;"urn:nir:stato:decreto.legge:2011-12-06;201 | G.U. 20111206 cod. 011G0247";https://www.normattiva.it/do/atto/caricaAKN?dataGU=20111206&codiceRedaz=011G0247&dataVigenza=20260101;2026-08-21;3ff06d2d5cfaf91fe5a5f737c6e5a789c20791ba6f17c52f6c142f6b7b591a31;934775
Leggi/Originale/NormeRichiamate/DL_2011-12-06_201_vigente.akn.xml;ufficiale;D.L. 6 dicembre 2011, n. 201 (conv. L. 22 dicembre 2011, n. 214) - art. 19 comma 18 (imposta sul valore delle cripto-attivita') e art. 5 (ISEE) (vigente, vigenza 20260821);Normattiva - Istituto Poligrafico e Zecca dello Stato;"urn:nir:stato:decreto.legge:2011-12-06;201 | G.U. 20111206 cod. 011G0247";https://www.normattiva.it/do/atto/caricaAKN?dataGU=20111206&codiceRedaz=011G0247&dataVigenza=20260821;2026-08-21;b81ddf5fe04d051d10d8d604a44fa6580989f3ce538c080a68c906a76dd07c13;935101
Leggi/Originale/NormeRichiamate/DPCM_2013-12-05_159_ISEE_2025-12-31_ante_bilancio2026.akn.xml;ufficiale;D.P.C.M. 5 dicembre 2013, n. 159 - Regolamento ISEE (art. 5: patrimonio mobiliare), richiamato dal comma 33 della legge di bilancio 2026 (2025-12-31_ante_bilancio2026, vigenza 20251231);Normattiva - Istituto Poligrafico e Zecca dello Stato;"urn:nir:stato:decreto.del.presidente.del.consiglio.dei.ministri:2013-12-05;159 | G.U. 20140124 cod. 14G00009";https://www.normattiva.it/do/atto/caricaAKN?dataGU=20140124&codiceRedaz=14G00009&dataVigenza=20251231;2026-08-21;38fff39248b308629298b96b6e7f7712bd648adea018a0378e2a3fc91e149995;207226
Leggi/Originale/NormeRichiamate/DPCM_2013-12-05_159_ISEE_vigente.akn.xml;ufficiale;D.P.C.M. 5 dicembre 2013, n. 159 - Regolamento ISEE (art. 5: patrimonio mobiliare), richiamato dal comma 33 della legge di bilancio 2026 (vigente, vigenza 20260821);Normattiva - Istituto Poligrafico e Zecca dello Stato;"urn:nir:stato:decreto.del.presidente.del.consiglio.dei.ministri:2013-12-05;159 | G.U. 20140124 cod. 14G00009";https://www.normattiva.it/do/atto/caricaAKN?dataGU=20140124&codiceRedaz=14G00009&dataVigenza=20260821;2026-08-21;b93ab3027b0d6678fb013f84e1f41eec95a711476c759c0b58ecb85dcdfc03d4;208694
Leggi/Originale/NormeRichiamate/DPR_1972-10-26_642_bollo_2022-12-31_ante_bilancio2023.akn.xml;ufficiale;D.P.R. 26 ottobre 1972, n. 642 - Disciplina dell'imposta di bollo: art. 13 della tariffa, parte prima, e nota 3-ter (2022-12-31_ante_bilancio2023, vigenza 20221231);Normattiva - Istituto Poligrafico e Zecca dello Stato;"urn:nir:stato:decreto.del.presidente.della.repubblica:1972-10-26;642 | G.U. 19721111 cod. 072U0642";https://www.normattiva.it/do/atto/caricaAKN?dataGU=19721111&codiceRedaz=072U0642&dataVigenza=20221231;2026-08-21;ec13c3fe284d87898fec0686d31c2ee14e8a55b3d6e075dc0a356b1b80636e17;700886
Leggi/Originale/NormeRichiamate/DPR_1972-10-26_642_bollo_2023-01-01_post_bilancio2023.akn.xml;ufficiale;D.P.R. 26 ottobre 1972, n. 642 - Disciplina dell'imposta di bollo: art. 13 della tariffa, parte prima, e nota 3-ter (2023-01-01_post_bilancio2023, vigenza 20230101);Normattiva - Istituto Poligrafico e Zecca dello Stato;"urn:nir:stato:decreto.del.presidente.della.repubblica:1972-10-26;642 | G.U. 19721111 cod. 072U0642";https://www.normattiva.it/do/atto/caricaAKN?dataGU=19721111&codiceRedaz=072U0642&dataVigenza=20230101;2026-08-21;be0dd515f517a1ccab49a6c6f3398d75f7b7385fc58adad190d6da278c06c92f;703526
Leggi/Originale/NormeRichiamate/DPR_1972-10-26_642_bollo_vigente.akn.xml;ufficiale;D.P.R. 26 ottobre 1972, n. 642 - Disciplina dell'imposta di bollo: art. 13 della tariffa, parte prima, e nota 3-ter (vigente, vigenza 20260821);Normattiva - Istituto Poligrafico e Zecca dello Stato;"urn:nir:stato:decreto.del.presidente.della.repubblica:1972-10-26;642 | G.U. 19721111 cod. 072U0642";https://www.normattiva.it/do/atto/caricaAKN?dataGU=19721111&codiceRedaz=072U0642&dataVigenza=20260821;2026-08-21;69c8b718c0d3db178531a610d79c4e91cbf5f3ef4d1f4cac72bbe9d8886af638;714096
Leggi/Originale/NormeRichiamate/DPR_1986-12-22_917_TUIR_2022-12-31_ante_bilancio2023.akn.xml;ufficiale;D.P.R. 22 dicembre 1986, n. 917 - Testo unico delle imposte sui redditi (TUIR): artt. 9, 67, 68, 110 richiamati dalle leggi di bilancio (2022-12-31_ante_bilancio2023, vigenza 20221231);Normattiva - Istituto Poligrafico e Zecca dello Stato;"urn:nir:stato:decreto.del.presidente.della.repubblica:1986-12-22;917 | G.U. 19861231 cod. 086U0917";https://www.normattiva.it/do/atto/caricaAKN?dataGU=19861231&codiceRedaz=086U0917&dataVigenza=20221231;2026-08-21;ff6a8cd649fb8d8828e7d2fb53c3bd906a29f0f38324dc464a103108b5dc702e;1837779
Leggi/Originale/NormeRichiamate/DPR_1986-12-22_917_TUIR_2023-01-01_post_bilancio2023.akn.xml;ufficiale;D.P.R. 22 dicembre 1986, n. 917 - Testo unico delle imposte sui redditi (TUIR): artt. 9, 67, 68, 110 richiamati dalle leggi di bilancio (2023-01-01_post_bilancio2023, vigenza 20230101);Normattiva - Istituto Poligrafico e Zecca dello Stato;"urn:nir:stato:decreto.del.presidente.della.repubblica:1986-12-22;917 | G.U. 19861231 cod. 086U0917";https://www.normattiva.it/do/atto/caricaAKN?dataGU=19861231&codiceRedaz=086U0917&dataVigenza=20230101;2026-08-21;b2a13dbc8bcc6597cea81d0b57bd19d7e23e4587a0d6f89b0b932aeb528de877;1845932
Leggi/Originale/NormeRichiamate/DPR_1986-12-22_917_TUIR_2023-03-01_corpo_aggiornato.akn.xml;ufficiale;D.P.R. 22 dicembre 1986, n. 917 - Testo unico delle imposte sui redditi (TUIR): artt. 9, 67, 68, 110 richiamati dalle leggi di bilancio (2023-03-01_corpo_aggiornato, vigenza 20230301);Normattiva - Istituto Poligrafico e Zecca dello Stato;"urn:nir:stato:decreto.del.presidente.della.repubblica:1986-12-22;917 | G.U. 19861231 cod. 086U0917";https://www.normattiva.it/do/atto/caricaAKN?dataGU=19861231&codiceRedaz=086U0917&dataVigenza=20230301;2026-08-21;a67b79d6aa6118fbb344b00ccaa9633b799fc67e1e71ee354ba4583eac281a62;1847222
Leggi/Originale/NormeRichiamate/DPR_1986-12-22_917_TUIR_2024-12-31_ante_bilancio2025.akn.xml;ufficiale;D.P.R. 22 dicembre 1986, n. 917 - Testo unico delle imposte sui redditi (TUIR): artt. 9, 67, 68, 110 richiamati dalle leggi di bilancio (2024-12-31_ante_bilancio2025, vigenza 20241231);Normattiva - Istituto Poligrafico e Zecca dello Stato;"urn:nir:stato:decreto.del.presidente.della.repubblica:1986-12-22;917 | G.U. 19861231 cod. 086U0917";https://www.normattiva.it/do/atto/caricaAKN?dataGU=19861231&codiceRedaz=086U0917&dataVigenza=20241231;2026-08-21;00b0de88c84ce92cd30ab76245051d361de6721109be6fe62035afbf65146836;1982346
Leggi/Originale/NormeRichiamate/DPR_1986-12-22_917_TUIR_2025-01-01_post_bilancio2025.akn.xml;ufficiale;D.P.R. 22 dicembre 1986, n. 917 - Testo unico delle imposte sui redditi (TUIR): artt. 9, 67, 68, 110 richiamati dalle leggi di bilancio (2025-01-01_post_bilancio2025, vigenza 20250101);Normattiva - Istituto Poligrafico e Zecca dello Stato;"urn:nir:stato:decreto.del.presidente.della.repubblica:1986-12-22;917 | G.U. 19861231 cod. 086U0917";https://www.normattiva.it/do/atto/caricaAKN?dataGU=19861231&codiceRedaz=086U0917&dataVigenza=20250101;2026-08-21;d0d12cc1849b9349eb3eab30b365b69b7e8f5286038054bc1fb09a7917c0360d;1993824
Leggi/Originale/NormeRichiamate/DPR_1986-12-22_917_TUIR_2026-01-01_post_bilancio2026.akn.xml;ufficiale;D.P.R. 22 dicembre 1986, n. 917 - Testo unico delle imposte sui redditi (TUIR): artt. 9, 67, 68, 110 richiamati dalle leggi di bilancio (2026-01-01_post_bilancio2026, vigenza 20260101);Normattiva - Istituto Poligrafico e Zecca dello Stato;"urn:nir:stato:decreto.del.presidente.della.repubblica:1986-12-22;917 | G.U. 19861231 cod. 086U0917";https://www.normattiva.it/do/atto/caricaAKN?dataGU=19861231&codiceRedaz=086U0917&dataVigenza=20260101;2026-08-21;5c1dda4aedfbfa8f480f0a29fe600add028ced42d01cff58b3508383ca068608;2003723
Leggi/Originale/NormeRichiamate/DPR_1986-12-22_917_TUIR_vigente.akn.xml;ufficiale;D.P.R. 22 dicembre 1986, n. 917 - Testo unico delle imposte sui redditi (TUIR): artt. 9, 67, 68, 110 richiamati dalle leggi di bilancio (vigente, vigenza 20260821);Normattiva - Istituto Poligrafico e Zecca dello Stato;"urn:nir:stato:decreto.del.presidente.della.repubblica:1986-12-22;917 | G.U. 19861231 cod. 086U0917";https://www.normattiva.it/do/atto/caricaAKN?dataGU=19861231&codiceRedaz=086U0917&dataVigenza=20260821;2026-08-21;722a9966994233c33a6e7f7d43b66d7d9f41dda175739fb667b8d82be4e92ee7;1995937
Leggi/Originale/NormeUnioneEuropea/Dir_UE_2023-2226_DAC8_scambio_informazioni_cripto-attivita.pdf;ufficiale;Direttiva (UE) 2023/2226 del Consiglio, del 17 ottobre 2023, recante modifica della direttiva 2011/16/UE relativa alla cooperazione amministrativa nel settore fiscale (DAC8);Unione europea - Ufficio delle pubblicazioni;CELEX 32023L2226;https://publications.europa.eu/resource/celex/32023L2226;2026-08-21;e9c9a3f142b3a9c04c3657e6cb48eb2545c44705f496a220dd1e6dbec28df96e;983965
Leggi/Originale/NormeUnioneEuropea/Reg_UE_2023-1114_MiCA_mercati_delle_cripto-attivita.pdf;ufficiale;Regolamento (UE) 2023/1114 del Parlamento europeo e del Consiglio, del 31 maggio 2023, relativo ai mercati delle cripto-attivita' (MiCA);Unione europea - Ufficio delle pubblicazioni;CELEX 32023R1114 - GU UE L 150 del 9.6.2023;https://publications.europa.eu/resource/celex/32023R1114;2026-08-21;b2e373e2e9a807ec706b2b60710d002ec743d12a5cca91bcf7f8a2cf48f3b3d3;1694608
Prassi_AgenziaEntrate/2023-01-24_Risposta_149_bitcoin_inerenza_costi.pdf;ufficiale;Principio di inerenza - Indeducibilita' dei costi sostenuti per il pagamento in Bitcoin;Agenzia delle entrate;Risposta a interpello n. 149 del 24 gennaio 2023;https://www.agenziaentrate.gov.it/portale/documents/20143/4913743/Risposta_n_149_2023.pdf/08fc78ab-6eac-7695-40e8-329a85973b09;2026-08-21;0ae72956fb640952693ad84c5377337da5b3c356c82d7328d7bd281ffaa63a7e;2149438
Prassi_AgenziaEntrate/2023-06-26_Risoluzione_36E_codici_tributo_imposte_sostitutive_cripto.pdf;ufficiale;Istituzione dei codici tributo per il versamento, mediante modello F24, delle imposte sostitutive derivanti dall'attuazione delle disposizioni in materia di cripto-attivita' previste dalla legge 29 dicembre 2022, n. 197;Agenzia delle entrate;Risoluzione n. 36/E del 26 giugno 2023;https://www.agenziaentrate.gov.it/portale/documents/20143/5361482/RIS_n_36_del_26_06_2023.pdf/675f7a4a-a1ab-1533-16a2-32c31005a0a3;2026-08-21;71f9df82071e92a9a966a6d371a08b30668b460a2d7128bcf0d94134954fa683;566474
Prassi_AgenziaEntrate/2023-08-07_Provvedimento_regolarizzazione_Allegato1_modello.pdf;ufficiale;Allegato 1 al provvedimento del 7 agosto 2023 - modello di istanza per la regolarizzazione delle cripto-attivita';Agenzia delle entrate;Allegato 1 al Provvedimento del 7 agosto 2023;https://www.agenziaentrate.gov.it/portale/documents/20143/5476614/Allegato+1.pdf/1130e1dc-c988-9a2d-e8ad-fdd124adc1e7;2026-08-21;07f73bad1638e5936839a365a3757460e1d4d709c715060503392e93eaf492c1;124484
Prassi_AgenziaEntrate/2023-08-07_Provvedimento_regolarizzazione_Allegato2_istruzioni.pdf;ufficiale;Allegato 2 al provvedimento del 7 agosto 2023 - istruzioni per la compilazione dell'istanza di regolarizzazione delle cripto-attivita';Agenzia delle entrate;Allegato 2 al Provvedimento del 7 agosto 2023;https://www.agenziaentrate.gov.it/portale/documents/20143/5476614/Allegato+2.pdf/22bbbca7-ef37-26c1-6ab0-93ad30444e7e;2026-08-21;19eb9b95ab28f48f3a55d134fdddab598461640539ed8bc5f229cdb4237f373e;86110
Prassi_AgenziaEntrate/2023-08-07_Provvedimento_regolarizzazione_cripto-attivita.pdf;ufficiale;Disposizioni di attuazione dell'articolo 1, commi da 138 a 142, della legge 29 dicembre 2022, n. 197, per la regolarizzazione delle cripto-attivita' e dei relativi redditi;Agenzia delle entrate;Provvedimento del Direttore dell'Agenzia delle entrate del 7 agosto 2023;https://www.agenziaentrate.gov.it/portale/documents/20143/5476614/Provvedimento_regolarizzazione_criptoattivit%C3%A0+07.08.23.pdf/2b279c5b-44c8-53cf-226d-99d7c4b117f7;2026-08-21;4db7122c98a446e4e7e6b6106a5195888c89508d4c21ef8b889907015c71d8fa;790503
Prassi_AgenziaEntrate/2023-08-09_Risoluzione_50E_codici_tributo_regolarizzazione_cripto.pdf;ufficiale;Istituzione dei codici tributo per il versamento, tramite modello F24 ELIDE, delle somme dovute per la regolarizzazione delle cripto-attivita' e dei relativi redditi, di cui all'articolo 1, commi da 138 a 142, della legge 29 dicembre 2022, n. 197;Agenzia delle entrate;Risoluzione n. 50/E del 9 agosto 2023;https://www.agenziaentrate.gov.it/portale/documents/20143/5476622/Risoluzione+codici+tributo+criptoattivit%C3%A0+09.08.23.pdf/35aa3956-cfda-7cda-8b24-b3eb01e3c3c5;2026-08-21;c7d13b2233af0598d36594f94c0b868fd847ab0a6a1a9510688e99c08ad1e97b;817605
Prassi_AgenziaEntrate/2023-10-27_Circolare_30E_trattamento_fiscale_cripto-attivita.pdf;ufficiale;Trattamento fiscale delle cripto-attivita'. Articolo 1, commi da 126 a 147, della legge 29 dicembre 2022, n. 197 (legge di bilancio 2023);Agenzia delle entrate;Circolare n. 30/E del 27 ottobre 2023;https://www.agenziaentrate.gov.it/portale/documents/20143/5589638/Circolare+criptoattivita+del+27+ottobre+2023.pdf/1154a95a-80ea-a6ec-bcc0-731b844db9e6;2026-08-21;6e421319b3b9d7f2ab94199d1bb05a810eb3fae9665b88bd9de84b23ff305eeb;2341059
Prassi_AgenziaEntrate/2024-02-06_Risoluzione_10E_codici_tributo_imposta_bollo_cripto.pdf;ufficiale;Codici tributo per il versamento, tramite modello F24, dell'imposta sostitutiva dell'imposta di bollo sui rapporti aventi ad oggetto le cripto-attivita' di cui all'articolo 1, comma 146, della legge 29 dicembre 2022, n. 197, e ridenominazione del codice tributo 1727;Agenzia delle entrate;Risoluzione n. 10/E del 6 febbraio 2024;https://www.agenziaentrate.gov.it/portale/documents/20143/5866235/RIS_n_10_del_6_02_2024.pdf/e938b2db-fbe3-f310-d742-b8746fd88483;2026-08-21;81fcfd838ff2ba3ad2e78bd06ff2f53adf122d52f30ec62d3fff310cbc087213;256827
Prassi_AgenziaEntrate/2024-09-12_Risposta_181_dichiarazione_cripto_e_imposta_bollo.pdf;ufficiale;Dichiarazione delle cripto-attivita' possedute e imposta di bollo;Agenzia delle entrate;Risposta a interpello n. 181 del 12 settembre 2024;https://www.agenziaentrate.gov.it/portale/documents/20143/6390987/Risposta+n.+181_2024.pdf/78fd4f80-d1c1-3a2b-c7de-50b0f959e9ec;2026-08-21;5fb042af378e78e0c8c11bf3cc0cb56780c9b2ba5dfd1171e1bcf2b238bc3631;2015621
Prassi_AgenziaEntrate/2025-03-20_Risposta_78_art110_c3bis_TUIR_valutazione_criptovalute.pdf;ufficiale;Interpretazione dell'articolo 110, comma 3-bis, del TUIR - Valutazione delle criptovalute;Agenzia delle entrate;Risposta a interpello n. 78 del 20 marzo 2025;https://www.agenziaentrate.gov.it/portale/documents/20143/8703578/Risposta+78_2025_new.pdf/cccb80e8-5913-a45b-ed71-18ba8bd5cca8;2026-08-21;e705e113363d927a93c86a95537b1ff7f3d60320c80eeca49149c1f0a405c6ba;2008980
Prassi_AgenziaEntrate/2025-05-14_Risposta_135_plusvalenza_da_cripto-attivita.pdf;ufficiale;Quesiti sul trattamento fiscale della plusvalenza da cripto-attivita';Agenzia delle entrate;Risposta a interpello n. 135 del 14 maggio 2025;https://www.agenziaentrate.gov.it/portale/documents/20143/8987735/Risposta+n.+135_2025.pdf/b1264cfc-ff7d-b6a6-6ad8-cacdcd9b037f;2026-08-21;2eb4e8d5dbbf24d2e183ef9679a4f04b30471855bfa5ed8e58683ab4e8a67969;2004162
Prassi_AgenziaEntrate/2026-06-22_Provvedimento_DAC8_Allegato2_modalita_di_presentazione.pdf;ufficiale;Allegato 2 al provvedimento del 22 giugno 2026 - modalita' di presentazione delle comunicazioni;Agenzia delle entrate;Allegato 2 al Provvedimento del 22 giugno 2026;https://www.agenziaentrate.gov.it/portale/documents/20143/10157754/Allegato+2+-+Modalit%C3%A0+di+presentazione.pdf/dd349984-888b-b374-b546-931ab263a1df;2026-08-21;e588669a91372e1661cb9acb5e0c82d22c8949d249ab8596f88ea61aa3435194;1186895
Prassi_AgenziaEntrate/2026-06-22_Provvedimento_DAC8_comunicazioni_prestatori_servizi_cripto.pdf;ufficiale;Disposizioni attuative del decreto legislativo 10 dicembre 2025, n. 194 - modalita' e termini di comunicazione delle informazioni e registrazione dei soggetti tenuti (DAC8/CARF);Agenzia delle entrate;Provvedimento del Direttore dell'Agenzia delle entrate del 22 giugno 2026;https://www.agenziaentrate.gov.it/portale/documents/20143/10157754/Provvedimento+DAC8+del+22+giugno+2026.pdf/4766b3fc-1a9a-3978-47ba-3c98108d079b;2026-08-21;9104c551cdfdea582ef73f723861af1afaae9425c9fbcffbf12f69161951c8d0;322640
